{
    "аденостилес ромболистный": 0.5789473684210527,
    "аир обыкновенный": 0.3157894736842105,
    "алоэ древовидное": 0.2631578947368421,
    "алтей лекарственный": 0.0,
    "амми большая": 0.0,
    "амми зубная": 0.3684210526315789,
    "анис обыкновенный": 0.2894736842105263,
    "аралия высокая": 0.8421052631578947,
    "арника горная": 0.5789473684210527,
    "арника шамиссо": 0.23684210526315788,
    "арония черноплодная": 0.0,
    "астрагал шерстистоцветковый": 0.0,
    "багульник болотный": 0.7894736842105263,
    "бадан толстолистный": 0.6842105263157895,
    "баранец обыкновенный": 0.0,
    "барбарис обыкновенный": 0.2894736842105263,
    "барвинок малый": 0.0,
    "бархат амурский": 0.5789473684210527,
    "бедренец камнеломка": 0.6842105263157895,
    "безвременник великолепный": 0.0,
    "белена черная": 0.6842105263157895,
    "белокопытник гибридный": 0.6842105263157895,
    "берёза повислая": 0.6842105263157895,
    "бессмертник песчаный": 0.0,
    "борец северный": 0.6842105263157895,
    "боярышник кровавокрасный": 0.6578947368421053,
    "бриофиллум перистый": 0.5789473684210527,
    "брусника обыкновенная": 0.2894736842105263,
    "бузина черная": 0.6842105263157895,
    "валериана лекарственная": 0.6842105263157895,
    "василек благословенный": 0.23684210526315788,
    "василек посевной": 0.5789473684210527,
    "вахта трехлистная": 0.6842105263157895,
    "вербена лекарственная": 0.0,
    "вздутоплодник сибирский": 0.5789473684210527,
    "виноград культурный": 0.7631578947368421,
    "водосбор обыкновенный": 0.5789473684210527,
    "володушка золотистая": 0.0,
    "гамамелис виргинский": 0.21052631578947367,
    "гармала обыкновенная": 0.0,
    "горец змеиный": 0.6842105263157895,
    "горец перечный": 0.21052631578947367,
    "горец почечуйный": 0.0,
    "горец птичий": 0.6842105263157895,
    "горечавка жёлтая": 0.0,
    "горицвет весенний": 0.6842105263157895,
    "горчица сарептская": 0.6842105263157895,
    "гречиха съедобная": 0.9736842105263158,
    "грыжник гладкий": 0.0,
    "девясил высокий": 0.6842105263157895,
    "десмодиум канадский": 0.0,
    "диоскорея ниппонская": 0.6842105263157895,
    "донник лекарственный": 0.0,
    "дуб обыкновенный": 0.5789473684210527,
    "дурман индейский": 0.0,
    "дурман обыкновенный": 0.5789473684210527,
    "дурнишник обыкновенный": 0.5263157894736842,
    "душица обыкновенная": 0.0,
    "дудник лекарственный": 0.0,
    "ель обыкновенная": 0.10526315789473684,
    "желтушник раскидистый": 0.0,
    "женьшень": 0.3684210526315789,
    "жостер слабительный": 0.6842105263157895,
    "заманиха высокая": 0.5789473684210527,
    "зверобой продырявленный": 0.39473684210526316,
    "земляника лесная": 0.3684210526315789,
    "змееголовник молдавский": 0.0,
    "золотарник канадский": 0.6842105263157895,
    "золототысячник обыкновенный": 0.0,
    "зюзник европейский": 0.2631578947368421,
    "истод тонколистный": 0.6842105263157895,
    "калина обыкновенная": 0.5789473684210527,
    "катарантус розовый": 0.5789473684210527,
    "конский каштан обыкновенный": 0.0,
    "копеечник альпийский": 0.8947368421052632,
    "копытень европейский": 0.5789473684210527,
    "кориандр посевной": 0.5789473684210527,
    "коровяк густоцветковый": 0.9736842105263158,
    "крапива двудомная": 0.39473684210526316,
    "красавка обыкновенная": 0.5789473684210527,
    "кровохлёбка лекарственная": 0.6842105263157895,
    "крушина ольховидная": 0.6578947368421053,
    "кубышка жёлтая": 0.2894736842105263,
    "кукуруза обыкновенная": 0.8947368421052632,
    "лабазник вязолистный": 0.7894736842105263,
    "лабазник обыкновенный": 0.23684210526315788,
    "ламинария японская": 0.21052631578947367,
    "ландыш кейске": 0.0,
    "ландыш майский": 0.6842105263157895,
    "лапчатка белая": 0.8157894736842105,
    "лапчатка прямостоячая": 0.6842105263157895,
    "лапчатка серебристая": 0.7368421052631579,
    "лён посевой": 0.0,
    "леспедеца двуцветная": 0.6842105263157895,
    "леспедеца копеечниковая": 0.0,
    "лимонник китайский": 0.6052631578947368,
    "липа сердцевидная": 0.5789473684210527,
    "ломонос виноградолистный": 0.6842105263157895,
    "лопух большой": 0.7368421052631579,
    "магнолия крупноцветковая": 0.6842105263157895,
    "маклея сердцевидная": 0.6842105263157895,
    "малина обыкновенная": 0.8421052631578947,
    "марена красильная": 0.0,
    "матьимачеха обыкновенная": 0.8947368421052632,
    "мачок жёлтый": 0.0,
    "мелисса лекарственная": 0.0,
    "миндаль обыкновенный": 0.5789473684210527,
    "можжевельник обыкновенный": 0.868421052631579,
    "морковь дикая": 0.7105263157894737,
    "мята перечная": 0.0,
    "наперстянка крупноцветковая": 0.868421052631579,
    "ноготки лекарственные": 0.5789473684210527,
    "облепиха крушиновидная": 0.6842105263157895,
    "овес посевной": 0.6842105263157895,
    "одуванчик изогнутый": 0.0,
    "окопник жёсткий": 0.0,
    "ольха чёрная": 0.6842105263157895,
    "омела белая": 0.631578947368421,
    "ортосифон остистый ортосифон": 0.0,
    "очиток большой": 0.868421052631579,
    "пажитник сенной": 0.9736842105263158,
    "паслен сладкогорький": 0.9736842105263158,
    "пассифлора инкарнатная": 0.0,
    "пастернак посевной": 1.0,
    "пастушья сумка обыкновенная": 0.8421052631578947,
    "переступень белый": 0.5526315789473685,
    "перец однолетний": 0.7368421052631579,
    "пижма обыкновенная": 0.6842105263157895,
    "пион уклоняющийся": 0.5789473684210527,
    "пиретрум цинерариелистный": 0.5789473684210527,
    "плаун булавовидный": 0.5789473684210527,
    "подорожник блошный": 0.0,
    "подорожник большой": 0.0,
    "подофилл щитовидный": 0.0,
    "полынь горькая": 0.6842105263157895,
    "полынь обыкновенная": 0.0,
    "прутняк обыкновенный": 0.0,
    "пустырник сердечный": 0.5789473684210527,
    "рапонтикум сафлоровидный": 0.6842105263157895,
    "расторопша пятнистая": 0.6052631578947368,
    "ревень пальчатый тангутский": 0.0,
    "репешок волосистый": 0.0,
    "репешок обыкновенный": 0.6842105263157895,
    "родиола розовая": 0.0,
    "ромашка аптечная": 0.0,
    "ромашка безъязычковая": 0.0,
    "рябина обыкновенная": 0.5789473684210527,
    "сабельник болотный": 0.6842105263157895,
    "свободноягодник колючий": 1.0,
    "секуринега полукустарниковая": 0.2894736842105263,
    "серпуха венценосная": 0.5789473684210527,
    "синюха голубая": 0.5789473684210527,
    "скополия карниолийская": 0.6578947368421053,
    "скумпия кожевенная": 0.6842105263157895,
    "смоковница обыкновенная": 0.5789473684210527,
    "смородина черная": 0.6842105263157895,
    "солодка голая": 0.0,
    "софора японская": 0.5789473684210527,
    "спорынья пурпуровая": 0.6842105263157895,
    "стальник колючий": 0.5789473684210527,
    "сумах дубильный": 0.631578947368421,
    "сушеница топяная": 0.0,
    "термопсис ланцетовидный": 0.8947368421052632,
    "тимьян обыкновенный": 0.0,
    "тимьян ползучий": 0.6842105263157895,
    "тмин обыкновенный": 0.8157894736842105,
    "толокнянка обыкновенная": 0.0,
    "тыква обыкновенная": 0.0,
    "тысячелистник обыкновенный": 0.6842105263157895,
    "укроп пахучий": 0.6842105263157895,
    "фасоль обыкновенная": 0.0,
    "фенхель обыкновенный": 0.23684210526315788,
    "ферула вонючая": 0.6842105263157895,
    "фиалка трёхцветная": 0.6052631578947368,
    "хвощ полевой": 0.6052631578947368,
    "хмель обыкновенный": 0.5789473684210527,
    "цетрария исландская": 0.0,
    "цикорий обыкновенный": 0.5789473684210527,
    "чага": 0.5789473684210527,
    "чемерица лобеля": 0.7368421052631579,
    "череда трёхраздельная": 0.5526315789473685,
    "черёмуха обыкновенная": 0.5789473684210527,
    "черника обыкновенная": 0.6842105263157895,
    "чернушка дамасская": 0.21052631578947367,
    "чистотел большой": 0.5789473684210527,
    "шалфей лекарственный": 0.34210526315789475,
    "шиповник майский": 0.5526315789473685,
    "шлемник байкальский": 0.6842105263157895,
    "щавель конский": 0.23684210526315788,